variable,group,q05,q10,q25,q50,q75,q90,q95
WAITTIME,all,0.0,2.0,6.0,16.0,41.0,90.0,140.0
WAITTIME,critical,0.0,1.0,5.0,13.0,33.0,74.0,113.25714702011514
WAITTIME,other,0.0,2.0,6.0,16.0,42.0,92.0,143.0
WAITTIME,admitted,0.0,1.0,5.0,14.0,36.0,87.0,145.79253740596158
WAITTIME,discharged,1.0,2.0,6.0,16.0,41.0,91.0,139.0
LOV,all,42.0,59.0,100.0,168.0,269.0,424.0,611.0
LOV,critical,72.0,99.04250157369451,153.0,239.0,369.0,654.0,1189.6947312017796
LOV,other,41.0,57.0,96.0,160.0,255.0,400.0,564.8349593675395
LOV,admitted,93.0,124.0,189.0,273.0,412.0,716.0,1307.0
LOV,discharged,40.0,56.0,95.0,157.0,249.0,390.0,554.0
BOARDED_2019,admitted,0.0,0.0,0.0,40.0,127.0,422.0,1269.6560361191582
