hour,share,relative
0,0.024758884599736318,0.5942132303936717
1,0.021821015465391762,0.5237043711694024
2,0.01672983063027773,0.40151593512666556
3,0.014958360676339521,0.35900065623214855
4,0.012281840368965359,0.29476416885516865
5,0.013346202825508921,0.3203088678122141
6,0.01711361979936018,0.4107268751846443
7,0.026142444622034466,0.6274186709288272
8,0.03976362643079354,0.9543270343390451
9,0.05203463069121527,1.2488311365891667
10,0.05730168580449586,1.3752404593079006
11,0.06077961140295514,1.4587106736709234
12,0.05913469258446633,1.419232622027192
13,0.059527679264142055,1.4286643023394094
14,0.056701270507936725,1.3608304921904815
15,0.05746799785374882,1.3792319484899718
16,0.058433620467623335,1.4024068912229601
17,0.05695244476794275,1.3668586744306261
18,0.05856224083572502,1.4054937800574006
19,0.06000701441163794,1.4401683458793106
20,0.05485261338752134,1.3164627213005122
21,0.048273078295113965,1.1585538790827352
22,0.040685332293965926,0.9764479750551822
23,0.03237026201310176,0.7768862883144423
