p,critical_admitted,critical_discharged,other_admitted,other_discharged
0.01,28.00167292676944,33.0,26.86854210740082,21.0
0.02,48.25470367162711,41.34668468362622,47.0,28.0
0.03,69.40593223822665,48.0,69.0,32.0
0.04,79.0,56.169872963714546,88.0,36.0
0.05,85.0,65.76611847077527,96.0,40.0
0.06,93.11266137346878,73.0,104.0,43.0
0.07,100.0,79.0,110.0,46.0
0.08,103.95933148799092,84.0,115.0,49.0
0.09,110.36154605665003,89.0,123.0,52.0
0.1,116.53389652859128,93.0,129.0,55.0
0.11,119.0,98.0,132.0,57.0
0.12,125.0,102.0,137.0,60.0
0.13,133.0,106.0,141.0,62.0
0.14,137.5914687330172,109.24056249291021,145.0,65.0
0.15,139.0,114.0,150.0,67.0
0.16,141.486540099209,117.56791921755526,155.62048440531052,70.0
0.17,148.0,120.0,161.0,72.0
0.18,150.0,124.0,167.0,74.0
0.19,153.6559689753086,126.0,170.0,77.0
0.2,156.0,130.666847586305,176.0,79.0
0.21,160.0,133.0,179.0,82.0
0.22,166.0,136.0,182.0,84.0
0.23,169.0,139.0,185.0,87.0
0.24,173.8294526903561,142.0,188.41592995681057,89.0
0.25,178.0,144.65243226078582,192.0,91.0
0.26,183.41620359962891,148.0,195.0,94.0
0.27,188.27125778203242,151.0,198.0,96.0
0.28,191.40133710716268,154.0,200.0,98.0
0.29,197.0,158.0,202.0,100.0
0.3,201.0,161.0,205.0,103.0
0.31,204.0,165.30214749052377,208.0,105.0
0.32,207.61394324203073,167.0,212.0,108.0
0.33,209.0,172.0,214.0,110.0
0.34,212.97860316209065,174.0,218.00128446770776,112.0
0.35,217.0,179.0,222.0,115.0
0.36,218.6212669204799,181.0,225.0,117.0
0.37,223.0,184.0,227.0,119.0
0.38,225.0,189.0,231.0,121.0
0.39,228.2793781955979,191.0,234.0,124.0
0.4,232.0,194.0,237.0,125.696076062123
0.41,236.0,196.54488683638314,241.0,128.0
0.42,238.16151839738916,201.0,245.0,130.0
0.43,245.05453494309018,204.0,247.0,133.0
0.44,248.0,206.64415315643302,250.0,135.0
0.45,250.0,210.0,255.0,138.0
0.46,254.72436926768054,215.0,260.0,140.0
0.47,257.0,219.31636025452434,264.0,143.0
0.48,261.0,224.0,269.0,146.0
0.49,267.0,228.0,272.0,148.0
0.5,269.0,230.1480032229082,274.10412429924037,151.0
0.51,273.0,233.0,279.0,154.0
0.52,278.0,235.0,283.0,156.0
0.53,282.0,238.0,287.36324075126583,159.0
0.54,288.0,241.0,291.0,162.0
0.55,290.0,246.0,294.291440713317,165.0
0.56,294.0,249.7197837647081,299.0,168.0
0.57,301.0,254.0,303.0,171.0
0.58,308.0,258.0,306.0,174.0
0.59,317.0,262.0,309.0,176.0
0.6,323.1796993031058,267.0,314.0,180.0
0.61,325.43911695117475,270.0,318.0,183.0
0.62,331.9384336576122,275.0,323.0,186.0
0.63,334.9930011319609,279.0,329.0,189.0
0.64,341.09970734632645,284.0,336.0,192.0
0.65,345.087767940109,289.0,341.510966418785,196.0
0.66,347.0,292.0,346.0,199.0
0.67,351.55494928450906,296.0335103992075,351.0,203.0
0.68,360.0,303.0,356.0,207.0
0.69,366.0,306.0,362.0,211.0
0.7,372.8564594012914,313.0,369.0,216.0
0.71,381.02774945933925,319.0,376.0,220.0
0.72,391.1763062952724,326.1089796945286,380.0,224.0
0.73,399.4820888537188,332.18355841489586,389.0,229.0
0.74,411.53145346620846,340.5234815481538,399.80209820808284,234.0
0.75,420.4583130468703,350.0,407.0,239.0
0.76,434.0,361.0,415.0,244.0
0.77,447.0,367.0,422.0,250.0
0.78,460.42742936697744,373.63507340189625,430.0,256.0
0.79,473.0,391.0,440.0,263.0
0.8,481.0,400.0,449.25096362780715,269.0
0.81,491.31108418232844,407.0,460.0,275.0
0.82,506.0,418.0,473.14479124542675,282.0
0.83,522.0,430.82806194772854,492.58623968992663,290.0
0.84,542.0,450.0,509.0,298.0
0.85,560.0,470.0,528.0,307.0
0.86,581.3046270157356,487.23476597917187,545.0,317.0
0.87,608.1573279407095,509.9313825520727,565.2622834203124,329.0
0.88,629.2459931205601,540.2542038116381,596.9225609966421,342.0
0.89,671.6748644498518,571.6038542069134,629.0,356.0
0.9,720.7484437075844,615.4892459579114,703.883374058384,370.0
0.91,814.051739042602,691.4521952141686,754.6406368796643,388.0
0.92,902.8012470841561,809.6410168152826,836.5401820579318,411.0
0.93,974.1383937486474,933.0,933.1183722133134,435.6030495983464
0.94,1053.3029229699289,1034.8681311959826,1060.389228720334,470.0
0.95,1276.9833705788212,1165.8134535935346,1332.1637406212221,513.0
0.96,1396.957065012006,1267.17437288859,1527.5662378029108,578.0
0.97,1653.7977060629978,1539.082104845315,1830.115802845716,688.0
0.98,1835.293007586989,1741.9982678314814,2673.23730034357,894.0
0.99,3289.777133849964,2553.2179920057483,3943.107022858909,1377.6436567343267
