mode,seed,estimate,mae,bias,mae_occupied,bias_occupied
NUK,1,doppler,0.0360231133467588,-0.033249047342106174,0.11434520379930974,-0.11328336518440343
NUK,1,fused,0.03856111549946182,-0.02088879943404743,0.10404339114064862,-0.09130924299038763
NUK,1,calibrated,0.046661744204207156,-0.0059832663618693905,0.09276589035451756,-0.08022580356870568
NUK,2,doppler,0.039390919586125485,-0.036332883406826146,0.1347595690562732,-0.133387173122882
NUK,2,fused,0.03896063938752127,-0.018060475330717685,0.11236611774108028,-0.08955224270553973
NUK,2,calibrated,0.047789644716905326,-0.004840942891718244,0.1016845726303241,-0.0846864236539042
NUK,3,doppler,0.03078379005937294,-0.027614650966980316,0.1147672282424653,-0.11305986285133764
NUK,3,fused,0.03280652147494879,-0.010185544772750946,0.09884119539451405,-0.06888173044361666
NUK,3,calibrated,0.04243193805098056,0.0031440989016251093,0.08838363213132445,-0.06488816676343838
NUK,4,doppler,0.055143289295510566,-0.052274252630117014,0.15409411246604063,-0.15293422113607327
NUK,4,fused,0.05263882764487344,-0.03317579684733169,0.13178831052833984,-0.11349305305727507
NUK,4,calibrated,0.06006862127857394,-0.02026212190133678,0.12233185278301316,-0.1072750975661559
NUK,5,doppler,0.05251138415332801,-0.04964269903822784,0.16679949726035134,-0.16558933514093654
NUK,5,fused,0.049063775997361204,-0.028221344310961426,0.13698105547082415,-0.11448917556346382
NUK,5,calibrated,0.05718802036762282,-0.01587546713028184,0.1261869600164633,-0.1115469272825428
NUK,6,doppler,0.058551065935210575,-0.05578013350230894,0.1536409760236161,-0.15251783991725068
NUK,6,fused,0.05381120664213049,-0.03734267690357974,0.12720549027811676,-0.11688855572213892
NUK,6,calibrated,0.06042997484579048,-0.024471858773588834,0.11727024730609424,-0.11008191011024351
NUK,7,doppler,0.027190598850734347,-0.02461778453873129,0.07807025328397342,-0.07725815707119667
NUK,7,fused,0.026397922381167317,-0.0063055471164195675,0.05943317870410732,-0.038616163850593035
NUK,7,calibrated,0.034059018728619654,0.007178358499318169,0.049318464604458476,-0.031273322854476704
NUK,8,doppler,0.041978015086281725,-0.039071431981528425,0.12241698461458189,-0.12117274191760094
NUK,8,fused,0.04352953239470851,-0.024676910089927433,0.11074814611907881,-0.09424262523886856
NUK,8,calibrated,0.05119439845745158,-0.010395764748562993,0.10071266375932623,-0.0843932383188649
NUK,9,doppler,0.03835759175028644,-0.03570653796743169,0.10237780113090156,-0.1014109937483953
NUK,9,fused,0.03835785215791118,-0.01681173830769765,0.08810016300745774,-0.06369996477128204
NUK,9,calibrated,0.04402293891468822,-0.004010212036422555,0.07475167786871131,-0.05741240728141115
NUK,10,doppler,0.043028547185861604,-0.04044638424013055,0.12228864478141126,-0.12125552565766563
NUK,10,fused,0.0415647329953821,-0.022940253810631576,0.10249330463135901,-0.08570467567824243
NUK,10,calibrated,0.04849655986778227,-0.009434528924445467,0.09087776567328036,-0.07814039009536833
WUK,1,doppler,0.01981624769973265,-0.017804321030519772,0.06202875424430052,-0.061634897423459935
WUK,1,fused,0.01928023115516822,-0.001331014982118677,0.04226370302736325,-0.025488115958569924
WUK,1,calibrated,0.027632212684367528,0.009705898776796977,0.03939738651255871,-0.01952871464896034
WUK,2,doppler,0.0257644743238082,-0.023666257248012225,0.0852664197881125,-0.08479959533817634
WUK,2,fused,0.02186985043922086,-0.0008745204159577793,0.05253037576807353,-0.025721440357177522
WUK,2,calibrated,0.029345536528699402,0.00861213044031895,0.046065114011749224,-0.025267994791684636
WUK,3,doppler,0.01815198474011319,-0.015919015398770876,0.06724393508021209,-0.06658887259832585
WUK,3,fused,0.018549855039755567,-0.0003213213082879066,0.045700121042671814,-0.028426922617931366
WUK,3,calibrated,0.02745179054637142,0.010717174614230907,0.04188742911628843,-0.023847084883620046
WUK,4,doppler,0.031764908336516094,-0.029829537168848303,0.08971261372670258,-0.0893711749340669
WUK,4,fused,0.026983772264851914,-0.008449815110586437,0.060895642737264506,-0.04212632654863907
WUK,4,calibrated,0.034032732092718704,0.0011333052380478616,0.05611822109464262,-0.0395357612987729
WUK,5,doppler,0.029275869327453904,-0.027210836863303358,0.09162516237299799,-0.09114524045246772
WUK,5,fused,0.022755770198951426,-0.006089525971320441,0.052916801831216345,-0.04041606808080383
WUK,5,calibrated,0.031398178184644,0.004055145166990149,0.05139194173241621,-0.03708015190019727
WUK,6,doppler,0.035039553748133744,-0.03317324268254575,0.09294329878653383,-0.09257979012229095
WUK,6,fused,0.024232053574528668,-0.008657399048644146,0.05007943599792248,-0.03937229685065395
WUK,6,calibrated,0.032038731063979475,-0.00021187806584378036,0.04844560669054854,-0.039268619056468744
WUK,7,doppler,0.017410523940140966,-0.015525268219853476,0.048087399375718744,-0.047812690348915096
WUK,7,fused,0.016003728169160795,0.002074975695288358,0.029049057891344734,-0.011507689780237834
WUK,7,calibrated,0.02268013053333445,0.012519823505718928,0.023077133792912125,-0.006506923297467593
WUK,8,doppler,0.02476372565188709,-0.022746317402173536,0.07210741190765492,-0.07168680174706907
WUK,8,fused,0.022601860612478736,-0.006770635134196729,0.049801346425404756,-0.039097645397523896
WUK,8,calibrated,0.02989751564753365,0.004125927360487035,0.04475111086162233,-0.033249350391431266
WUK,9,doppler,0.02369758862539495,-0.021825079858338252,0.06474271148245522,-0.06441920289631987
WUK,9,fused,0.02214302454775876,-0.004383181139543765,0.04595616730187855,-0.029306896615418715
WUK,9,calibrated,0.029141656075319468,0.006431733928147633,0.04137775398521443,-0.023057331162964195
WUK,10,doppler,0.025429865716468176,-0.023617528471233634,0.06841830614130993,-0.06810653514626912
WUK,10,fused,0.022361556456373048,-0.004305816204298462,0.046058332477605095,-0.02817107115027998
WUK,10,calibrated,0.02833380155760276,0.005840391835176832,0.03894610922194342,-0.023664947761399643
WUS,1,doppler,0.0062626644908162915,-0.003707787924030416,0.028535969341200805,-0.027362126650039544
WUS,1,fused,0.01111933613416201,0.009465469948960106,0.01916172516576434,0.009889530993369425
WUS,1,calibrated,0.022002901874009842,0.02120625993403215,0.019567484961444986,0.015101211438569368
WUS,2,doppler,0.010792622217978543,-0.00831833313079407,0.050179523648267305,-0.049229371260864664
WUS,2,fused,0.012396767907364327,0.010606326603242944,0.025174635963427023,0.015861350039507845
WUS,2,calibrated,0.021877700971448092,0.0207447212310372,0.01925370060276117,0.013360313176898375
WUS,3,doppler,0.008141025919238916,-0.005606339623624179,0.039176558658129856,-0.03793479319327118
WUS,3,fused,0.011291261588139303,0.008414629700357626,0.020343586435231396,0.004208060471796868
WUS,3,calibrated,0.021750475610506,0.019880553342460288,0.018205161454516425,0.007716443925585946
WUS,4,doppler,0.010632981493698136,-0.008172237943126975,0.04315768075995472,-0.04214768912733179
WUS,4,fused,0.01233804164785945,0.009663164907468493,0.023018723236698332,0.010884786139685975
WUS,4,calibrated,0.021675624092791168,0.020029931579523062,0.018847198609616676,0.011381909037394838
WUS,5,doppler,0.010736677979931254,-0.008247102965174821,0.04407108216572562,-0.04304420478196357
WUS,5,fused,0.011821640307628209,0.007785157199402799,0.02057599657435346,0.0020528485645146823
WUS,5,calibrated,0.02182461843522999,0.019062990339066915,0.01937524774296716,0.006702323169315917
WUS,6,doppler,0.01300491302385334,-0.01046091281552724,0.05375623020790307,-0.05258931767667828
WUS,6,fused,0.0120535745286622,0.006331073573834242,0.021519383961763144,-0.004414606321669521
WUS,6,calibrated,0.021850343252694,0.017123085308438344,0.01939579284718639,-0.0020278229042751668
WUS,7,doppler,0.009745885559529183,-0.00724702267282386,0.04439793562558838,-0.04336155691038687
WUS,7,fused,0.012139541595777925,0.010168590066317143,0.023894976913076613,0.01371604204958085
WUS,7,calibrated,0.022052301530482554,0.020653375565566505,0.020224541639492073,0.01299981994396203
WUS,8,doppler,0.00874762595048783,-0.006149530398250061,0.039609481710435115,-0.0383992681901342
WUS,8,fused,0.01176717822297837,0.006998415853616194,0.02218538425699708,-0.0027861728843990422
WUS,8,calibrated,0.02211090036934942,0.0184541009835311,0.020090944532463545,0.0009421659302288549
WUS,9,doppler,0.010709719280580536,-0.008337865872712753,0.041569163549079725,-0.04072980600639457
WUS,9,fused,0.01312418839623624,0.007377782021457589,0.025760025503267607,0.0009315068493150681
WUS,9,calibrated,0.02311731204291089,0.018686651651099857,0.025197408014618207,0.006053837752996002
WUS,10,doppler,0.009552997291760705,-0.00709816933439811,0.0390944319906714,-0.038038671478402473
WUS,10,fused,0.013025263879726398,0.009881870421165933,0.026546014736778614,0.01198489128358749
WUS,10,calibrated,0.0221230393023294,0.02023222179812798,0.020826101633450146,0.012067278575155594
