mode,cond,metric,n,mean,diff_vs_c0,ci_low,ci_high,p
NUK,C0,duration,10,115.07228752461656,,,,
NUK,C0,duration_closure,10,,,,,
NUK,C0,walked_closure,10,,,,,
NUK,C0,blocked_per100,10,1.2711394431463143,,,,
NUK,C0,blocked_closure_per100,10,0.0,,,,
NUK,C0,duration_stretcher,10,137.3046733741679,,,,
NUK,C0,walked_stretcher,10,152.1919261836768,,,,
NUK,C0,blocked_stretcher_per100,10,7.231588799425613,,,,
NUK,C0,make_way_per100,10,4.484637643477273,,,,
NUK,C0,critical_inbound,10,114.06143345959603,,,,
NUK,C1,duration,10,111.67837644088789,-3.3939110837286677,-5.458801322953509,-1.3290208445038263,0.004784330305537479
NUK,C1,duration_closure,10,,,,,
NUK,C1,walked_closure,10,,,,,
NUK,C1,blocked_per100,10,0.06134969325153374,-1.2097897498947805,-2.3388158025990506,-0.08076369719051057,0.03835954291890689
NUK,C1,blocked_closure_per100,10,0.0,0.0,0.0,0.0,
NUK,C1,duration_stretcher,10,116.34656073402373,-20.958112640144186,-30.89335163029475,-11.022873649993624,0.0010125904432530697
NUK,C1,walked_stretcher,10,132.2066716662486,-19.98525451742819,-29.852061378058053,-10.118447656798322,0.0013240218870931273
NUK,C1,blocked_stretcher_per100,10,0.29411764705882354,-6.937471152366788,-13.262309721129924,-0.6126325836036521,0.0349184429569851
NUK,C1,make_way_per100,10,2.977284702300802,-1.5073529411764706,-3.821643308156182,0.8069374258032407,0.17473675415065545
NUK,C1,critical_inbound,10,103.3120587121211,-10.74937474747497,-17.838589491128616,-3.6601600038213267,0.007506956045836786
NUK,C2,duration,10,115.07228752461656,0.0,0.0,0.0,
NUK,C2,duration_closure,10,,,,,
NUK,C2,walked_closure,10,,,,,
NUK,C2,blocked_per100,10,1.2711394431463143,0.0,0.0,0.0,
NUK,C2,blocked_closure_per100,10,0.0,0.0,0.0,0.0,
NUK,C2,duration_stretcher,10,137.3046733741679,0.0,0.0,0.0,
NUK,C2,walked_stretcher,10,152.1919261836768,0.0,0.0,0.0,
NUK,C2,blocked_stretcher_per100,10,7.231588799425613,0.0,0.0,0.0,
NUK,C2,make_way_per100,10,4.484637643477273,0.0,0.0,0.0,
NUK,C2,critical_inbound,10,114.06143345959603,0.0,0.0,0.0,
NUK,C3,duration,10,122.27436580352666,7.2020782789100934,3.3007865482450303,11.103370009575157,0.002389834890180224
NUK,C3,duration_closure,10,,,,,
NUK,C3,walked_closure,10,,,,,
NUK,C3,blocked_per100,10,0.11398127219890215,-1.1571581709474121,-2.2398756507052084,-0.07444069118961583,0.038757270073052685
NUK,C3,blocked_closure_per100,10,0.0,0.0,0.0,0.0,
NUK,C3,duration_stretcher,10,116.07779854717903,-21.226874826988887,-30.97559485795302,-11.478154796024754,0.000818250396469639
NUK,C3,walked_stretcher,10,132.17422302183593,-20.01770316184087,-29.342417535004742,-10.692988788676997,0.0009004931124695216
NUK,C3,blocked_stretcher_per100,10,0.6166982922201139,-6.614890507205497,-12.61330321253175,-0.6164778018792445,0.034160553247151434
NUK,C3,make_way_per100,10,2.654704057139512,-1.829933586337761,-4.1398020844964325,0.4799349118209104,0.10671010855196976
NUK,C3,critical_inbound,10,112.3754833333334,-1.6859501262626424,-11.359746175173786,7.987845922648501,0.7025759852320816
NUK,C4,duration,10,122.27436580352666,7.2020782789100934,3.3007865482450303,11.103370009575157,0.002389834890180224
NUK,C4,duration_closure,10,,,,,
NUK,C4,walked_closure,10,,,,,
NUK,C4,blocked_per100,10,0.11398127219890215,-1.1571581709474121,-2.2398756507052084,-0.07444069118961583,0.038757270073052685
NUK,C4,blocked_closure_per100,10,0.0,0.0,0.0,0.0,
NUK,C4,duration_stretcher,10,116.07779854717903,-21.226874826988887,-30.97559485795302,-11.478154796024754,0.000818250396469639
NUK,C4,walked_stretcher,10,132.17422302183593,-20.01770316184087,-29.342417535004742,-10.692988788676997,0.0009004931124695216
NUK,C4,blocked_stretcher_per100,10,0.6166982922201139,-6.614890507205497,-12.61330321253175,-0.6164778018792445,0.034160553247151434
NUK,C4,make_way_per100,10,2.654704057139512,-1.829933586337761,-4.1398020844964325,0.4799349118209104,0.10671010855196976
NUK,C4,critical_inbound,10,112.3754833333334,-1.6859501262626424,-11.359746175173786,7.987845922648501,0.7025759852320816
WUK,C0,duration,10,108.05264907766714,,,,
WUK,C0,duration_closure,10,111.68970973722541,,,,
WUK,C0,walked_closure,10,137.87252600497072,,,,
WUK,C0,blocked_per100,10,4.357970115377453,,,,
WUK,C0,blocked_closure_per100,10,12.355886859919261,,,,
WUK,C0,duration_stretcher,10,92.91390016499307,,,,
WUK,C0,walked_stretcher,10,107.65559364114947,,,,
WUK,C0,blocked_stretcher_per100,10,2.783272991795017,,,,
WUK,C0,make_way_per100,10,0.0,,,,
WUK,C0,critical_inbound,10,98.03986426767678,,,,
WUK,C1,duration,10,107.79217926456059,-0.2604698131065632,-0.9482602553168673,0.42732062910374086,0.41384396951934094
WUK,C1,duration_closure,10,111.35510145709577,-0.3346082801296205,-1.5436962708945798,0.8744797106353389,0.5468360315743869
WUK,C1,walked_closure,10,137.39751320794554,-0.4750127970251697,-1.9835131579126144,1.0334875638622751,0.49431027715687265
WUK,C1,blocked_per100,10,1.0355996037733415,-3.3223705116041122,-4.966604773594394,-1.6781362496138306,0.0013450571913178628
WUK,C1,blocked_closure_per100,10,3.1148045382880376,-9.241082321631222,-11.94990197880214,-6.532262664460303,2.9471179502606883e-05
WUK,C1,duration_stretcher,10,92.0944583561522,-0.819441808840871,-3.0654555556282457,1.4265719379465036,0.4305157410277861
WUK,C1,walked_stretcher,10,106.64140322362114,-1.0141904175283414,-2.6891555297413485,0.6607746946846658,0.20396959335801676
WUK,C1,blocked_stretcher_per100,10,1.0235606178811048,-1.7597123739139122,-3.7964962272712715,0.277071479443447,0.08237880347353758
WUK,C1,make_way_per100,10,0.0,0.0,0.0,0.0,
WUK,C1,critical_inbound,10,96.59064255050501,-1.4492217171717527,-3.2438017925453657,0.34535835820186045,0.10100493287187018
WUK,C2,duration,10,108.05264907766714,0.0,0.0,0.0,
WUK,C2,duration_closure,10,111.68970973722541,0.0,0.0,0.0,
WUK,C2,walked_closure,10,137.87252600497072,0.0,0.0,0.0,
WUK,C2,blocked_per100,10,4.357970115377453,0.0,0.0,0.0,
WUK,C2,blocked_closure_per100,10,12.355886859919261,0.0,0.0,0.0,
WUK,C2,duration_stretcher,10,92.91390016499307,0.0,0.0,0.0,
WUK,C2,walked_stretcher,10,107.65559364114947,0.0,0.0,0.0,
WUK,C2,blocked_stretcher_per100,10,2.783272991795017,0.0,0.0,0.0,
WUK,C2,make_way_per100,10,0.0,0.0,0.0,0.0,
WUK,C2,critical_inbound,10,98.03986426767678,0.0,0.0,0.0,
WUK,C3,duration,10,107.97019200759499,-0.08245707007216936,-0.593845048861865,0.4289309087175262,0.7237186648829611
WUK,C3,duration_closure,10,111.698169489669,0.008459752443580725,-0.8604786623661256,0.8773981672532871,0.982909561054404
WUK,C3,walked_closure,10,137.6711939030401,-0.20133210193059484,-1.3132115051097357,0.910547301248546,0.6916644263431979
WUK,C3,blocked_per100,10,2.0530649833153722,-2.304905132062082,-3.4169976611068016,-1.1928126030173625,0.001138454988768502
WUK,C3,blocked_closure_per100,10,5.824461522695177,-6.531425337224081,-8.58110547780356,-4.481745196644603,5.03671787691703e-05
WUK,C3,duration_stretcher,10,92.43799075633977,-0.47590940865329967,-2.604868318802281,1.6530495014956816,0.6252303357699073
WUK,C3,walked_stretcher,10,106.50660532051056,-1.148988320638918,-2.772580005759803,0.47460336448196694,0.14386528986036642
WUK,C3,blocked_stretcher_per100,10,1.2867185126179468,-1.4965544791770697,-3.355164975281841,0.3620560169277014,0.10186212135425524
WUK,C3,make_way_per100,10,0.0,0.0,0.0,0.0,
WUK,C3,critical_inbound,10,96.66535088383839,-1.3745133838383636,-3.204762994752918,0.45573622707619066,0.12356478634167707
WUK,C4,duration,10,107.97019200759499,-0.08245707007216936,-0.593845048861865,0.4289309087175262,0.7237186648829611
WUK,C4,duration_closure,10,111.698169489669,0.008459752443580725,-0.8604786623661256,0.8773981672532871,0.982909561054404
WUK,C4,walked_closure,10,137.6711939030401,-0.20133210193059484,-1.3132115051097357,0.910547301248546,0.6916644263431979
WUK,C4,blocked_per100,10,2.0530649833153722,-2.304905132062082,-3.4169976611068016,-1.1928126030173625,0.001138454988768502
WUK,C4,blocked_closure_per100,10,5.824461522695177,-6.531425337224081,-8.58110547780356,-4.481745196644603,5.03671787691703e-05
WUK,C4,duration_stretcher,10,92.43799075633977,-0.47590940865329967,-2.604868318802281,1.6530495014956816,0.6252303357699073
WUK,C4,walked_stretcher,10,106.50660532051056,-1.148988320638918,-2.772580005759803,0.47460336448196694,0.14386528986036642
WUK,C4,blocked_stretcher_per100,10,1.2867185126179468,-1.4965544791770697,-3.355164975281841,0.3620560169277014,0.10186212135425524
WUK,C4,make_way_per100,10,0.0,0.0,0.0,0.0,
WUK,C4,critical_inbound,10,96.66535088383839,-1.3745133838383636,-3.204762994752918,0.45573622707619066,0.12356478634167707
WUS,C0,duration,10,105.49967068368365,,,,
WUS,C0,duration_closure,10,110.04574272359052,,,,
WUS,C0,walked_closure,10,137.4308551720294,,,,
WUS,C0,blocked_per100,10,4.5816066567246265,,,,
WUS,C0,blocked_closure_per100,10,13.389672849634639,,,,
WUS,C0,duration_stretcher,10,90.69963108187082,,,,
WUS,C0,walked_stretcher,10,111.02328943522211,,,,
WUS,C0,blocked_stretcher_per100,10,3.6046386445810428,,,,
WUS,C0,make_way_per100,10,0.0,,,,
WUS,C0,critical_inbound,10,95.20736640165391,,,,
WUS,C1,duration,10,105.27276857211291,-0.22690211157075169,-0.5300061402251308,0.0762019170836275,0.12461882019052035
WUS,C1,duration_closure,10,109.50679604720628,-0.538946676384245,-1.4070907691850345,0.32919741641654465,0.1937702783743664
WUS,C1,walked_closure,10,136.9878638566873,-0.44299131534204716,-1.8005589887362818,0.9145763580521874,0.479215916087743
WUS,C1,blocked_per100,10,0.6738069523262474,-3.9077997043983785,-5.516099714145803,-2.2994996946509545,0.00038190092704242624
WUS,C1,blocked_closure_per100,10,2.086352651279312,-11.303320198355328,-14.930508804616185,-7.676131592094471,5.9892024867971094e-05
WUS,C1,duration_stretcher,10,90.30635474816216,-0.39327633370866694,-1.065005141522518,0.2784524741051841,0.21800763470588294
WUS,C1,walked_stretcher,10,110.66268791505395,-0.3606015201681501,-0.8996083869014293,0.17840534656512902,0.1644713146832222
WUS,C1,blocked_stretcher_per100,10,1.2786900200693303,-2.325948624511712,-4.50441072769971,-0.14748652132371376,0.03890874103294737
WUS,C1,make_way_per100,10,0.0,0.0,0.0,0.0,
WUS,C1,critical_inbound,10,93.98323395077153,-1.224132450882368,-2.396562659891043,-0.05170224187369321,0.04246793347133761
WUS,C2,duration,10,105.49967068368365,0.0,0.0,0.0,
WUS,C2,duration_closure,10,110.04574272359052,0.0,0.0,0.0,
WUS,C2,walked_closure,10,137.4308551720294,0.0,0.0,0.0,
WUS,C2,blocked_per100,10,4.5816066567246265,0.0,0.0,0.0,
WUS,C2,blocked_closure_per100,10,13.389672849634639,0.0,0.0,0.0,
WUS,C2,duration_stretcher,10,90.69963108187082,0.0,0.0,0.0,
WUS,C2,walked_stretcher,10,111.02328943522211,0.0,0.0,0.0,
WUS,C2,blocked_stretcher_per100,10,3.6046386445810428,0.0,0.0,0.0,
WUS,C2,make_way_per100,10,0.0,0.0,0.0,0.0,
WUS,C2,critical_inbound,10,95.20736640165391,0.0,0.0,0.0,
WUS,C3,duration,10,105.34597580212832,-0.15369488155531458,-0.4285565888160526,0.12116682570542342,0.23766463637835533
WUS,C3,duration_closure,10,109.70106573911019,-0.34467698448032846,-1.1076161120233854,0.41826214306272846,0.33347141065283076
WUS,C3,walked_closure,10,137.110340147611,-0.32051502441835,-1.5984454156330714,0.9574153667963715,0.5843373955651401
WUS,C3,blocked_per100,10,0.9471011184775564,-3.634505538247069,-5.331215656899266,-1.9377954195948721,0.000913712085697052
WUS,C3,blocked_closure_per100,10,2.8891759663977092,-10.50049688323693,-14.398008981219654,-6.602984785254207,0.00018042331958493702
WUS,C3,duration_stretcher,10,90.51148821232432,-0.1881428695465047,-0.9719844797169169,0.5956987406239075,0.6003317163716152
WUS,C3,walked_stretcher,10,110.65108275587882,-0.37220667934330437,-0.889041868841099,0.14462851015449035,0.13772611939155008
WUS,C3,blocked_stretcher_per100,10,1.5225924590937208,-2.082046185487322,-4.16585548072975,0.0017631097551062958,0.05015665956550415
WUS,C3,make_way_per100,10,0.0,0.0,0.0,0.0,
WUS,C3,critical_inbound,10,94.0060950618825,-1.2012713397713881,-2.370654516672773,-0.0318881628700034,0.045200416360263895
WUS,C4,duration,10,105.34597580212832,-0.15369488155531458,-0.4285565888160526,0.12116682570542342,0.23766463637835533
WUS,C4,duration_closure,10,109.70106573911019,-0.34467698448032846,-1.1076161120233854,0.41826214306272846,0.33347141065283076
WUS,C4,walked_closure,10,137.110340147611,-0.32051502441835,-1.5984454156330714,0.9574153667963715,0.5843373955651401
WUS,C4,blocked_per100,10,0.9471011184775564,-3.634505538247069,-5.331215656899266,-1.9377954195948721,0.000913712085697052
WUS,C4,blocked_closure_per100,10,2.8891759663977092,-10.50049688323693,-14.398008981219654,-6.602984785254207,0.00018042331958493702
WUS,C4,duration_stretcher,10,90.51148821232432,-0.1881428695465047,-0.9719844797169169,0.5956987406239075,0.6003317163716152
WUS,C4,walked_stretcher,10,110.65108275587882,-0.37220667934330437,-0.889041868841099,0.14462851015449035,0.13772611939155008
WUS,C4,blocked_stretcher_per100,10,1.5225924590937208,-2.082046185487322,-4.16585548072975,0.0017631097551062958,0.05015665956550415
WUS,C4,make_way_per100,10,0.0,0.0,0.0,0.0,
WUS,C4,critical_inbound,10,94.0060950618825,-1.2012713397713881,-2.370654516672773,-0.0318881628700034,0.045200416360263895
