mode,seed,cell,start,duration,detected,delay,false_flag_share
WUK,1,W2-2,16597.8,1325.6599999999999,True,12.2400000000016,5.497368959216119e-05
WUK,1,B2-3,21041.66,928.0400000000009,True,12.380000000001019,5.497368959216119e-05
WUK,1,A2-2,23585.34,1120.130000000001,True,11.700000000000728,5.497368959216119e-05
WUK,1,A2-3,31189.61,1015.9300000000003,True,12.430000000000291,5.497368959216119e-05
WUK,1,W2-2,32471.46,1663.3199999999997,True,13.580000000001746,5.497368959216119e-05
WUK,2,A2-1,8678.606,624.7219999999998,True,12.432000000000698,7.083610959231605e-05
WUK,2,C-1,10595.68,1727.3899999999994,True,12.360000000000582,7.083610959231605e-05
WUK,2,W2-2,13014.51,1069.449999999999,True,12.530000000000655,7.083610959231605e-05
WUK,2,M-1,14702.98,671.4099999999999,True,13.06000000000131,7.083610959231605e-05
WUK,2,B1-1,15668.12,926.159999999998,True,11.920000000000073,7.083610959231605e-05
WUK,2,B2-3,30062.05,1619.9799999999996,True,11.9900000000016,7.083610959231605e-05
WUK,2,B1-2,32237.06,958.7499999999964,True,11.979999999999563,7.083610959231605e-05
WUK,3,B1-1,7317.809,767.7640000000001,True,12.229999999999563,8.398643840036777e-05
WUK,3,A1-2,12814.79,1508.5,True,12.25,8.398643840036777e-05
WUK,3,A2-1,15683.42,1114.1400000000012,True,11.6200000000008,8.398643840036777e-05
WUK,3,A2-1,17765.19,772.3100000000013,True,11.850000000002183,8.398643840036777e-05
WUK,3,C-2,18721.76,1074.3200000000033,True,12.280000000002474,8.398643840036777e-05
WUK,3,C-1,22482.4,649.5,True,12.639999999999418,8.398643840036777e-05
WUK,3,B2-3,26596.27,1075.7200000000012,True,11.770000000000437,8.398643840036777e-05
WUK,3,C-1,31485.95,1399.5300000000025,True,13.090000000000146,8.398643840036777e-05
WUK,4,B2-2,8571.632,1741.478000000001,True,12.406000000000859,5.770494131851352e-05
WUK,4,C-2,17331.58,1789.6599999999999,True,12.459999999999127,5.770494131851352e-05
WUK,4,W2-2,21049.65,1282.369999999999,True,13.389999999999418,5.770494131851352e-05
WUK,4,B2-1,27838.72,1603.0399999999972,True,11.319999999999709,5.770494131851352e-05
WUK,4,B2-3,30895.97,1605.25,True,12.069999999999709,5.770494131851352e-05
WUK,4,M-2,32799.05,1464.75,False,,5.770494131851352e-05
WUK,5,C-1,8647.155,1233.304,True,11.88299999999981,8.834195403568132e-05
WUK,5,A2-1,18529.0,780.130000000001,True,12.040000000000873,8.834195403568132e-05
WUK,5,B2-3,20762.84,1701.369999999999,True,13.200000000000728,8.834195403568132e-05
WUK,5,C-2,26154.69,1255.0,True,11.350000000002183,8.834195403568132e-05
WUK,5,B1-2,30894.45,1013.380000000001,True,12.590000000000146,8.834195403568132e-05
WUK,5,A2-1,32230.06,1383.5499999999993,True,11.979999999999563,8.834195403568132e-05
WUK,6,A1-1,9116.915,1673.4249999999993,True,12.122999999999593,0.00018154767176180946
WUK,6,C-1,11954.35,1160.4699999999993,True,12.69000000000051,0.00018154767176180946
WUK,6,M-1,14348.95,1723.6799999999985,True,13.090000000000146,0.00018154767176180946
WUK,6,A2-3,16461.32,1249.4799999999996,True,11.720000000001164,0.00018154767176180946
WUK,6,C-2,20028.75,711.9099999999999,True,12.290000000000873,0.00018154767176180946
WUK,6,B2-3,21396.61,727.4399999999987,True,12.430000000000291,0.00018154767176180946
WUK,6,W2-2,33274.32,1071.5599999999977,True,12.720000000001164,0.00018154767176180946
WUK,6,M-1,34414.21,825.9199999999983,True,12.830000000001746,0.00018154767176180946
WUK,7,C-2,9333.63,1241.0,True,11.408000000001266,6.404678507224036e-05
WUK,7,A2-1,11437.06,1727.5300000000007,True,11.980000000001382,6.404678507224036e-05
WUK,7,B1-2,13743.86,1086.0,True,13.180000000000291,6.404678507224036e-05
WUK,7,M-1,19490.82,671.9300000000003,True,12.220000000001164,6.404678507224036e-05
WUK,7,B1-2,20437.26,818.6500000000015,True,12.780000000002474,6.404678507224036e-05
WUK,7,M-2,22376.1,1087.300000000003,False,,6.404678507224036e-05
WUK,7,C-1,23493.69,1390.4400000000023,True,12.350000000002183,6.404678507224036e-05
WUK,8,A1-1,9823.215,1185.7549999999992,True,3.82300000000032,9.72100709633518e-05
WUK,8,A1-2,14749.27,775.6700000000001,True,11.770000000000437,9.72100709633518e-05
WUK,8,B1-1,18744.13,631.3099999999977,True,11.909999999999854,9.72100709633518e-05
WUK,8,B1-2,27519.48,1023.3400000000001,True,12.56000000000131,9.72100709633518e-05
WUK,8,B2-2,30661.21,1034.670000000002,True,11.830000000001746,9.72100709633518e-05
WUK,8,B2-2,32348.54,985.2299999999959,True,11.5,9.72100709633518e-05
WUK,8,A1-1,34766.9,1208.3699999999953,True,2.139999999999418,9.72100709633518e-05
WUK,9,A2-1,9608.911,857.9789999999994,True,12.127000000000407,0.00022037207621347884
WUK,9,B1-2,10805.01,1404.8099999999995,True,12.030000000000655,0.00022037207621347884
WUK,9,B2-2,15714.46,907.6500000000015,True,11.580000000001746,0.00022037207621347884
WUK,9,B2-3,26848.73,1379.1599999999999,True,12.31000000000131,0.00022037207621347884
WUK,9,A1-1,28889.54,749.9699999999975,True,2.5,0.00022037207621347884
WUK,9,A2-2,34116.88,1738.1200000000026,True,12.160000000003492,0.00022037207621347884
WUK,10,C-2,8471.556,1764.0739999999987,True,12.481999999999971,0.0001522271049314866
WUK,10,A2-2,12980.09,1457.3400000000001,True,11.950000000000728,0.0001522271049314866
WUK,10,M-1,15442.22,1073.930000000002,True,12.820000000001528,0.0001522271049314866
WUK,10,B2-2,17681.04,1214.9599999999991,True,12.0,0.0001522271049314866
WUK,10,B1-2,18923.19,632.9600000000028,True,13.850000000002183,0.0001522271049314866
WUK,10,W2-1,20047.12,1560.2000000000007,True,11.920000000001892,0.0001522271049314866
WUK,10,B2-1,22691.59,859.6100000000006,True,11.450000000000728,0.0001522271049314866
WUK,10,B1-1,24435.97,690.6699999999983,True,13.069999999999709,0.0001522271049314866
WUK,10,A1-1,25354.72,1652.949999999997,True,3.319999999999709,0.0001522271049314866
WUK,10,W2-1,28049.08,1630.4299999999967,True,5.959999999999127,0.0001522271049314866
WUK,10,M-2,31336.73,766.010000000002,False,,0.0001522271049314866
WUS,1,W2-2,16597.8,1325.6599999999999,True,13.2400000000016,5.497368959216119e-05
WUS,1,B2-3,21041.66,928.0400000000009,True,11.380000000001019,5.497368959216119e-05
WUS,1,A2-2,23585.34,1120.130000000001,True,11.700000000000728,5.497368959216119e-05
WUS,1,A2-3,31189.61,1015.9300000000003,True,11.430000000000291,5.497368959216119e-05
WUS,1,W2-2,32471.46,1663.3199999999997,True,12.580000000001746,5.497368959216119e-05
WUS,2,A2-1,8678.606,624.7219999999998,True,12.432000000000698,7.304973801707593e-05
WUS,2,C-1,10595.68,1727.3899999999994,True,12.360000000000582,7.304973801707593e-05
WUS,2,W2-2,13014.51,1069.449999999999,True,12.530000000000655,7.304973801707593e-05
WUS,2,M-1,14702.98,671.4099999999999,True,12.06000000000131,7.304973801707593e-05
WUS,2,B1-1,15668.12,926.159999999998,True,13.920000000000073,7.304973801707593e-05
WUS,2,B2-3,30062.05,1619.9799999999996,True,11.9900000000016,7.304973801707593e-05
WUS,2,B1-2,32237.06,958.7499999999964,True,11.979999999999563,7.304973801707593e-05
WUS,3,B1-1,7317.809,767.7640000000001,True,12.229999999999563,8.840677726354502e-05
WUS,3,A1-2,12814.79,1508.5,True,13.25,8.840677726354502e-05
WUS,3,A2-1,15683.42,1114.1400000000012,True,11.6200000000008,8.840677726354502e-05
WUS,3,A2-1,17765.19,772.3100000000013,True,11.850000000002183,8.840677726354502e-05
WUS,3,C-2,18721.76,1074.3200000000033,True,12.280000000002474,8.840677726354502e-05
WUS,3,C-1,22482.4,649.5,True,12.639999999999418,8.840677726354502e-05
WUS,3,B2-3,26596.27,1075.7200000000012,True,11.770000000000437,8.840677726354502e-05
WUS,3,C-1,31485.95,1399.5300000000025,True,13.090000000000146,8.840677726354502e-05
WUS,4,B2-2,8571.632,1741.478000000001,True,12.406000000000859,6.214378295839918e-05
WUS,4,C-2,17331.58,1789.6599999999999,True,12.459999999999127,6.214378295839918e-05
WUS,4,W2-2,21049.65,1282.369999999999,True,12.389999999999418,6.214378295839918e-05
WUS,4,B2-1,27838.72,1603.0399999999972,True,12.319999999999709,6.214378295839918e-05
WUS,4,B2-3,30895.97,1605.25,True,12.069999999999709,6.214378295839918e-05
WUS,4,M-2,32799.05,1464.75,False,,6.214378295839918e-05
WUS,5,C-1,8647.155,1233.304,True,11.88299999999981,6.404791667586895e-05
WUS,5,A2-1,18529.0,780.130000000001,True,12.040000000000873,6.404791667586895e-05
WUS,5,B2-3,20762.84,1701.369999999999,True,12.200000000000728,6.404791667586895e-05
WUS,5,C-2,26154.69,1255.0,True,12.350000000002183,6.404791667586895e-05
WUS,5,B1-2,30894.45,1013.380000000001,True,13.590000000000146,6.404791667586895e-05
WUS,5,A2-1,32230.06,1383.5499999999993,True,11.979999999999563,6.404791667586895e-05
WUS,6,A1-1,9116.915,1673.4249999999993,True,13.122999999999593,8.413184788961901e-05
WUS,6,C-1,11954.35,1160.4699999999993,True,12.69000000000051,8.413184788961901e-05
WUS,6,M-1,14348.95,1723.6799999999985,True,12.090000000000146,8.413184788961901e-05
WUS,6,A2-3,16461.32,1249.4799999999996,True,11.720000000001164,8.413184788961901e-05
WUS,6,C-2,20028.75,711.9099999999999,True,13.290000000000873,8.413184788961901e-05
WUS,6,B2-3,21396.61,727.4399999999987,True,11.430000000000291,8.413184788961901e-05
WUS,6,W2-2,33274.32,1071.5599999999977,True,12.720000000001164,8.413184788961901e-05
WUS,6,M-1,34414.21,825.9199999999983,True,12.830000000001746,8.413184788961901e-05
WUS,7,C-2,9333.63,1241.0,True,12.408000000001266,6.404678507224036e-05
WUS,7,A2-1,11437.06,1727.5300000000007,True,11.980000000001382,6.404678507224036e-05
WUS,7,B1-2,13743.86,1086.0,True,13.180000000000291,6.404678507224036e-05
WUS,7,M-1,19490.82,671.9300000000003,True,12.220000000001164,6.404678507224036e-05
WUS,7,B1-2,20437.26,818.6500000000015,True,12.780000000002474,6.404678507224036e-05
WUS,7,M-2,22376.1,1087.300000000003,False,,6.404678507224036e-05
WUS,7,C-1,23493.69,1390.4400000000023,True,12.350000000002183,6.404678507224036e-05
WUS,8,A1-1,9823.215,1185.7549999999992,True,12.82300000000032,8.837279178486528e-05
WUS,8,A1-2,14749.27,775.6700000000001,True,11.770000000000437,8.837279178486528e-05
WUS,8,B1-1,18744.13,631.3099999999977,True,11.909999999999854,8.837279178486528e-05
WUS,8,B1-2,27519.48,1023.3400000000001,True,13.56000000000131,8.837279178486528e-05
WUS,8,B2-2,30661.21,1034.670000000002,True,11.830000000001746,8.837279178486528e-05
WUS,8,B2-2,32348.54,985.2299999999959,True,11.5,8.837279178486528e-05
WUS,8,A1-1,34766.9,1208.3699999999953,True,2.139999999999418,8.837279178486528e-05
WUS,9,A2-1,9608.911,857.9789999999994,True,12.127000000000407,7.051906438831322e-05
WUS,9,B1-2,10805.01,1404.8099999999995,True,13.030000000000655,7.051906438831322e-05
WUS,9,B2-2,15714.46,907.6500000000015,True,12.580000000001746,7.051906438831322e-05
WUS,9,B2-3,26848.73,1379.1599999999999,True,11.31000000000131,7.051906438831322e-05
WUS,9,A1-1,28889.54,749.9699999999975,True,11.5,7.051906438831322e-05
WUS,9,A2-2,34116.88,1738.1200000000026,True,12.160000000003492,7.051906438831322e-05
WUS,10,C-2,8471.556,1764.0739999999987,True,12.481999999999971,0.00010969306090651241
WUS,10,A2-2,12980.09,1457.3400000000001,True,11.950000000000728,0.00010969306090651241
WUS,10,M-1,15442.22,1073.930000000002,True,11.820000000001528,0.00010969306090651241
WUS,10,B2-2,17681.04,1214.9599999999991,True,12.0,0.00010969306090651241
WUS,10,B1-2,18923.19,632.9600000000028,True,12.850000000002183,0.00010969306090651241
WUS,10,W2-1,20047.12,1560.2000000000007,True,11.920000000001892,0.00010969306090651241
WUS,10,B2-1,22691.59,859.6100000000006,True,12.450000000000728,0.00010969306090651241
WUS,10,B1-1,24435.97,690.6699999999983,True,12.069999999999709,0.00010969306090651241
WUS,10,A1-1,25354.72,1652.949999999997,True,12.319999999999709,0.00010969306090651241
WUS,10,W2-1,28049.08,1630.4299999999967,True,11.959999999999127,0.00010969306090651241
WUS,10,M-2,31336.73,766.010000000002,False,,0.00010969306090651241
