mode,cond,seed,trips,duration,walked,blocked_per100,trips_closure,duration_closure,walked_closure,blocked_closure_per100,duration_stretcher,critical_inbound,stretcher_trips,blocked_stretcher_per100,make_way_per100,walked_stretcher
NUK,C0,1,164,120.62478048780505,140.28593292682928,0.0,0,,,0.0,170.05803448275887,112.87555555555547,29,0.0,20.689655172413794,163.51465517241374
NUK,C0,2,163,126.4958773006135,147.03184049079755,1.8404907975460123,0,,,0.0,175.82911764705855,127.14222222222189,34,8.823529411764707,8.823529411764707,176.1625882352941
NUK,C0,3,181,113.58082872928173,137.5191767955801,0.0,0,,,0.0,146.419285714285,137.45999999999972,14,0.0,0.0,154.5907142857143
NUK,C0,4,243,106.79264197530865,138.0035061728395,0.0,0,,,0.0,130.96763157894733,110.28083333333309,38,0.0,2.6315789473684212,167.3763157894737
NUK,C0,5,148,119.09314864864868,142.0751554054054,0.0,0,,,0.0,126.6855454545453,110.66818181818152,22,0.0,0.0,155.52218181818182
NUK,C0,6,190,120.32610000000021,144.18786315789475,3.1578947368421053,0,,,0.0,149.49193548387137,98.29750000000051,31,19.35483870967742,6.451612903225806,168.6518064516129
NUK,C0,7,199,107.01651758793972,132.5638894472362,0.0,0,,,0.0,102.93426923076942,102.63012500000082,26,0.0,0.0,116.32642307692308
NUK,C0,8,177,107.3594293785309,137.79634463276838,4.519774011299435,0,,,0.0,107.02294117647034,103.6233333333339,34,23.529411764705884,0.0,136.4314705882353
NUK,C0,9,171,117.94673099415223,140.4380058479532,1.7543859649122806,0,,,0.0,137.74297297297312,118.29333333333368,37,8.108108108108109,0.0,143.4849189189189
NUK,C0,10,139,111.48682014388487,136.11704316546763,1.4388489208633093,0,,,0.0,125.89499999999987,119.3432499999999,16,12.5,6.25,139.85818749999999
NUK,C1,1,164,120.32384756097572,140.74808536585363,0.0,0,,,0.0,168.79727586206883,111.80888888888876,29,0.0,20.689655172413794,166.22910344827588
NUK,C1,2,163,116.28018404907965,139.91288343558284,0.6134969325153374,0,,,0.0,129.699411764706,102.56444444444404,34,2.9411764705882355,0.0,142.61482352941178
NUK,C1,3,181,111.6410110497238,135.71196685082873,0.0,0,,,0.0,119.75999999999983,118.20166666666591,14,0.0,0.0,131.03214285714284
NUK,C1,4,243,101.87495473251019,132.18202469135804,0.0,0,,,0.0,100.60007894736825,85.72683333333232,38,0.0,2.6315789473684212,130.16084210526316
NUK,C1,5,147,114.72974829931967,137.8260544217687,0.0,0,,,0.0,100.09286363636329,95.61454545454514,22,0.0,0.0,124.70531818181817
NUK,C1,6,190,117.26541052631579,140.7799,0.0,0,,,0.0,129.57835483870966,98.54916666666706,31,0.0,6.451612903225806,147.65467741935484
NUK,C1,7,199,106.79640201005041,132.59143216080403,0.0,0,,,0.0,101.17850000000054,101.41012499999988,26,0.0,0.0,116.20157692307693
NUK,C1,8,177,105.66660451977403,135.56149717514123,0.0,0,,,0.0,97.50823529411755,103.14833333333347,34,0.0,0.0,124.71311764705882
NUK,C1,9,172,113.92418023255803,137.11968023255812,0.0,0,,,0.0,118.83971052631526,107.46000000000033,38,0.0,0.0,128.65852631578943
NUK,C1,10,140,108.28142142857159,132.58882857142856,0.0,0,,,0.0,97.41117647058812,108.63658333333387,17,0.0,0.0,110.0965882352941
NUK,C2,1,164,120.62478048780505,140.28593292682928,0.0,0,,,0.0,170.05803448275887,112.87555555555547,29,0.0,20.689655172413794,163.51465517241374
NUK,C2,2,163,126.4958773006135,147.03184049079755,1.8404907975460123,0,,,0.0,175.82911764705855,127.14222222222189,34,8.823529411764707,8.823529411764707,176.1625882352941
NUK,C2,3,181,113.58082872928173,137.5191767955801,0.0,0,,,0.0,146.419285714285,137.45999999999972,14,0.0,0.0,154.5907142857143
NUK,C2,4,243,106.79264197530865,138.0035061728395,0.0,0,,,0.0,130.96763157894733,110.28083333333309,38,0.0,2.6315789473684212,167.3763157894737
NUK,C2,5,148,119.09314864864868,142.0751554054054,0.0,0,,,0.0,126.6855454545453,110.66818181818152,22,0.0,0.0,155.52218181818182
NUK,C2,6,190,120.32610000000021,144.18786315789475,3.1578947368421053,0,,,0.0,149.49193548387137,98.29750000000051,31,19.35483870967742,6.451612903225806,168.6518064516129
NUK,C2,7,199,107.01651758793972,132.5638894472362,0.0,0,,,0.0,102.93426923076942,102.63012500000082,26,0.0,0.0,116.32642307692308
NUK,C2,8,177,107.3594293785309,137.79634463276838,4.519774011299435,0,,,0.0,107.02294117647034,103.6233333333339,34,23.529411764705884,0.0,136.4314705882353
NUK,C2,9,171,117.94673099415223,140.4380058479532,1.7543859649122806,0,,,0.0,137.74297297297312,118.29333333333368,37,8.108108108108109,0.0,143.4849189189189
NUK,C2,10,139,111.48682014388487,136.11704316546763,1.4388489208633093,0,,,0.0,125.89499999999987,119.3432499999999,16,12.5,6.25,139.85818749999999
NUK,C3,1,164,120.97906707317088,142.2006707317073,0.0,0,,,0.0,166.61772413793096,111.77777777777838,29,0.0,20.689655172413794,164.06417241379313
NUK,C3,2,163,128.86785276073618,156.0859263803681,0.6134969325153374,0,,,0.0,129.58555882352908,115.36888888888845,34,2.9411764705882355,0.0,142.57011764705882
NUK,C3,3,181,127.00576243093917,155.82370165745857,0.0,0,,,0.0,117.52928571428531,114.72166666666635,14,0.0,0.0,131.08678571428572
NUK,C3,4,243,118.72327160493825,153.43623868312758,0.0,0,,,0.0,102.78999999999978,96.7408333333329,38,0.0,2.6315789473684212,132.44986842105263
NUK,C3,5,148,124.54079054054041,153.44995945945945,0.0,0,,,0.0,101.5641818181815,101.14999999999947,22,0.0,0.0,124.60977272727273
NUK,C3,6,190,130.66747368421062,160.9469894736842,0.5263157894736842,0,,,0.0,129.61677419354857,113.91250000000066,31,3.225806451612903,3.225806451612903,149.37883870967738
NUK,C3,7,199,105.98376381909537,132.7002663316583,0.0,0,,,0.0,100.06500000000051,100.93999999999983,26,0.0,0.0,116.01034615384616
NUK,C3,8,177,118.00050847457662,152.39177401129942,0.0,0,,,0.0,97.23911764705944,117.65325000000045,34,0.0,0.0,124.76285294117646
NUK,C3,9,170,123.0198176470589,148.84159411764705,0.0,0,,,0.0,121.63916666666643,115.1200000000005,36,0.0,0.0,126.89941666666667
NUK,C3,10,140,124.95535000000008,153.7159428571429,0.0,0,,,0.0,94.13117647058874,136.36991666666708,17,0.0,0.0,109.91005882352941
NUK,C4,1,164,120.97906707317088,142.2006707317073,0.0,0,,,0.0,166.61772413793096,111.77777777777838,29,0.0,20.689655172413794,164.06417241379313
NUK,C4,2,163,128.86785276073618,156.0859263803681,0.6134969325153374,0,,,0.0,129.58555882352908,115.36888888888845,34,2.9411764705882355,0.0,142.57011764705882
NUK,C4,3,181,127.00576243093917,155.82370165745857,0.0,0,,,0.0,117.52928571428531,114.72166666666635,14,0.0,0.0,131.08678571428572
NUK,C4,4,243,118.72327160493825,153.43623868312758,0.0,0,,,0.0,102.78999999999978,96.7408333333329,38,0.0,2.6315789473684212,132.44986842105263
NUK,C4,5,148,124.54079054054041,153.44995945945945,0.0,0,,,0.0,101.5641818181815,101.14999999999947,22,0.0,0.0,124.60977272727273
NUK,C4,6,190,130.66747368421062,160.9469894736842,0.5263157894736842,0,,,0.0,129.61677419354857,113.91250000000066,31,3.225806451612903,3.225806451612903,149.37883870967738
NUK,C4,7,199,105.98376381909537,132.7002663316583,0.0,0,,,0.0,100.06500000000051,100.93999999999983,26,0.0,0.0,116.01034615384616
NUK,C4,8,177,118.00050847457662,152.39177401129942,0.0,0,,,0.0,97.23911764705944,117.65325000000045,34,0.0,0.0,124.76285294117646
NUK,C4,9,170,123.0198176470589,148.84159411764705,0.0,0,,,0.0,121.63916666666643,115.1200000000005,36,0.0,0.0,126.89941666666667
NUK,C4,10,140,124.95535000000008,153.7159428571429,0.0,0,,,0.0,94.13117647058874,136.36991666666708,17,0.0,0.0,109.91005882352941
WUK,C0,1,164,107.45637195121961,130.20592073170732,3.048780487804878,39,112.95230769230777,137.80394871794874,12.820512820512821,95.78606896551734,112.54333333333408,29,3.4482758620689653,0.0,110.38689655172415
WUK,C0,2,163,111.31256441717791,133.34251533742332,2.4539877300613497,55,117.17163636363641,140.35954545454544,7.2727272727272725,108.66144117647048,94.32888888888839,34,2.9411764705882355,0.0,116.06970588235293
WUK,C0,3,181,109.89496685082878,133.26639779005527,3.314917127071823,59,115.92572881355943,135.46606779661016,10.169491525423728,92.09928571428593,99.61166666666577,14,0.0,0.0,102.1272857142857
WUK,C0,4,243,99.28590123456793,127.17823456790124,3.7037037037037037,91,105.11672527472523,131.67347252747254,9.89010989010989,80.27263157894743,81.19258333333353,38,5.2631578947368425,0.0,99.06481578947368
WUK,C0,5,148,110.34650675675688,133.83643243243245,3.3783783783783785,44,113.53434090909063,140.9188636363636,11.363636363636363,83.92740909090944,93.71454545454534,22,0.0,0.0,101.03672727272728
WUK,C0,6,190,113.19232105263148,136.64530000000002,4.2105263157894735,68,109.51133823529393,139.78501470588233,11.764705882352942,102.11709677419323,99.67758333333275,31,6.451612903225806,0.0,121.24877419354839
WUK,C0,7,199,105.78953768844208,131.39636180904523,3.0150753768844223,60,107.74201666666653,133.5858,10.0,104.14696153846083,98.90012499999989,26,3.8461538461538463,0.0,115.68319230769228
WUK,C0,8,177,104.41254802259863,133.02050282485877,6.214689265536723,61,111.67277049180322,139.11100000000002,18.0327868852459,83.77823529411747,104.30500000000022,34,0.0,0.0,107.5854705882353
WUK,C0,9,174,108.06390229885095,131.07345402298853,3.4482758620689653,49,108.47797959183737,137.527693877551,12.244897959183673,91.45634210526343,82.80500000000059,38,0.0,0.0,100.3284210526316
WUK,C0,10,139,110.77187050359716,136.43017266187053,10.79136690647482,75,114.79225333333343,142.4938533333333,20.0,86.89352941176516,113.31991666666711,17,5.882352941176471,0.0,103.02464705882353
WUK,C1,1,164,107.96084146341487,130.3688475609756,0.6097560975609756,39,113.75897435897488,138.19705128205126,2.5641025641025643,97.39993103448295,107.2277777777781,29,3.4482758620689653,0.0,110.43624137931036
WUK,C1,2,163,110.34734969325135,132.72123926380368,0.6134969325153374,55,115.82581818181815,139.23634545454544,1.8181818181818181,107.25644117647013,93.42333333333266,34,2.9411764705882355,0.0,115.70085294117648
WUK,C1,3,181,110.51358563535909,134.07408839779006,0.5524861878453039,59,117.79081355932213,137.93740677966102,1.694915254237288,93.18785714285683,100.12999999999981,14,0.0,0.0,102.2712857142857
WUK,C1,4,243,98.74402057613165,127.31680246913581,1.2345679012345678,91,104.69118681318679,132.11440659340658,3.2967032967032965,78.6505263157896,78.69083333333371,38,0.0,0.0,99.58947368421055
WUK,C1,5,148,110.47204729729735,134.02739864864864,2.027027027027027,44,114.07797727272704,141.535,6.818181818181818,83.46922727272754,93.52727272727216,22,0.0,0.0,100.99931818181818
WUK,C1,6,190,112.68711578947351,135.83515789473685,0.5263157894736842,69,107.85423188405733,137.81101449275363,1.4492753623188406,100.8999999999997,102.03841666666624,31,0.0,0.0,120.37196774193549
WUK,C1,7,199,104.87353266331651,131.22920603015075,0.5025125628140703,60,107.26133333333316,133.21151666666665,1.6666666666666667,99.70850000000029,96.9188750000003,26,3.8461538461538463,0.0,115.27334615384618
WUK,C1,8,177,105.35057062146869,133.6800677966102,1.694915254237288,61,112.79391803278669,140.90949180327868,4.918032786885246,87.29911764705894,105.3666666666664,34,0.0,0.0,107.6145588235294
WUK,C1,9,173,108.43819653179204,130.48813872832372,1.1560693641618498,47,108.71957446808483,135.12787234042554,4.25531914893617,93.25239473684199,80.2466666666669,38,0.0,0.0,98.5561052631579
WUK,C1,10,139,108.53453237410072,133.96641007194242,1.4388489208633093,75,110.77718666666675,137.89502666666664,2.6666666666666665,79.82058823529405,108.33658333333385,17,0.0,0.0,95.60088235294118
WUK,C2,1,164,107.45637195121961,130.20592073170732,3.048780487804878,39,112.95230769230777,137.80394871794874,12.820512820512821,95.78606896551734,112.54333333333408,29,3.4482758620689653,0.0,110.38689655172415
WUK,C2,2,163,111.31256441717791,133.34251533742332,2.4539877300613497,55,117.17163636363641,140.35954545454544,7.2727272727272725,108.66144117647048,94.32888888888839,34,2.9411764705882355,0.0,116.06970588235293
WUK,C2,3,181,109.89496685082878,133.26639779005527,3.314917127071823,59,115.92572881355943,135.46606779661016,10.169491525423728,92.09928571428593,99.61166666666577,14,0.0,0.0,102.1272857142857
WUK,C2,4,243,99.28590123456793,127.17823456790124,3.7037037037037037,91,105.11672527472523,131.67347252747254,9.89010989010989,80.27263157894743,81.19258333333353,38,5.2631578947368425,0.0,99.06481578947368
WUK,C2,5,148,110.34650675675688,133.83643243243245,3.3783783783783785,44,113.53434090909063,140.9188636363636,11.363636363636363,83.92740909090944,93.71454545454534,22,0.0,0.0,101.03672727272728
WUK,C2,6,190,113.19232105263148,136.64530000000002,4.2105263157894735,68,109.51133823529393,139.78501470588233,11.764705882352942,102.11709677419323,99.67758333333275,31,6.451612903225806,0.0,121.24877419354839
WUK,C2,7,199,105.78953768844208,131.39636180904523,3.0150753768844223,60,107.74201666666653,133.5858,10.0,104.14696153846083,98.90012499999989,26,3.8461538461538463,0.0,115.68319230769228
WUK,C2,8,177,104.41254802259863,133.02050282485877,6.214689265536723,61,111.67277049180322,139.11100000000002,18.0327868852459,83.77823529411747,104.30500000000022,34,0.0,0.0,107.5854705882353
WUK,C2,9,174,108.06390229885095,131.07345402298853,3.4482758620689653,49,108.47797959183737,137.527693877551,12.244897959183673,91.45634210526343,82.80500000000059,38,0.0,0.0,100.3284210526316
WUK,C2,10,139,110.77187050359716,136.43017266187053,10.79136690647482,75,114.79225333333343,142.4938533333333,20.0,86.89352941176516,113.31991666666711,17,5.882352941176471,0.0,103.02464705882353
WUK,C3,1,164,107.96084146341487,130.3688475609756,0.6097560975609756,39,113.75897435897488,138.19705128205126,2.5641025641025643,97.39993103448295,107.2277777777781,29,3.4482758620689653,0.0,110.43624137931036
WUK,C3,2,163,110.34734969325135,132.72123926380368,0.6134969325153374,55,115.82581818181815,139.23634545454544,1.8181818181818181,107.25644117647013,93.42333333333266,34,2.9411764705882355,0.0,115.70085294117648
WUK,C3,3,181,110.51358563535909,134.07408839779006,0.5524861878453039,59,117.79081355932213,137.93740677966102,1.694915254237288,93.18785714285683,100.12999999999981,14,0.0,0.0,102.2712857142857
WUK,C3,4,243,98.69961728395057,127.1670329218107,2.4691358024691357,91,104.41272527472529,131.70794505494507,6.593406593406593,77.67552631578953,78.64333333333313,38,2.6315789473684212,0.0,98.19542105263159
WUK,C3,5,148,110.47204729729735,134.02739864864864,2.027027027027027,44,114.07797727272704,141.535,6.818181818181818,83.46922727272754,93.52727272727216,22,0.0,0.0,100.99931818181818
WUK,C3,6,190,113.85495263157902,136.16034736842101,2.1052631578947367,69,109.46639130434791,138.62446376811593,5.797101449275362,105.67967741935553,102.74591666666667,31,0.0,0.0,120.58893548387096
WUK,C3,7,199,105.2298542713567,130.86580904522614,1.0050251256281406,60,107.27533333333317,132.41675,3.3333333333333335,103.84157692307726,97.45512499999973,26,3.8461538461538463,0.0,115.19400000000002
WUK,C3,8,177,104.6076892655367,133.64628813559324,4.519774011299435,61,112.35752459016399,140.90470491803282,13.114754098360656,83.48647058823516,104.46750000000058,34,0.0,0.0,107.5589705882353
WUK,C3,9,173,108.55195375722563,130.76579768786127,2.3121387283236996,47,109.44361702127715,136.23608510638297,8.51063829787234,92.8655526315792,80.88000000000072,38,0.0,0.0,98.48326315789473
WUK,C3,10,139,109.46402877697842,135.04664028776978,4.316546762589928,75,112.57252000000005,139.91618666666668,8.0,79.5176470588236,108.15325000000045,17,0.0,0.0,95.63776470588236
WUK,C4,1,164,107.96084146341487,130.3688475609756,0.6097560975609756,39,113.75897435897488,138.19705128205126,2.5641025641025643,97.39993103448295,107.2277777777781,29,3.4482758620689653,0.0,110.43624137931036
WUK,C4,2,163,110.34734969325135,132.72123926380368,0.6134969325153374,55,115.82581818181815,139.23634545454544,1.8181818181818181,107.25644117647013,93.42333333333266,34,2.9411764705882355,0.0,115.70085294117648
WUK,C4,3,181,110.51358563535909,134.07408839779006,0.5524861878453039,59,117.79081355932213,137.93740677966102,1.694915254237288,93.18785714285683,100.12999999999981,14,0.0,0.0,102.2712857142857
WUK,C4,4,243,98.69961728395057,127.1670329218107,2.4691358024691357,91,104.41272527472529,131.70794505494507,6.593406593406593,77.67552631578953,78.64333333333313,38,2.6315789473684212,0.0,98.19542105263159
WUK,C4,5,148,110.47204729729735,134.02739864864864,2.027027027027027,44,114.07797727272704,141.535,6.818181818181818,83.46922727272754,93.52727272727216,22,0.0,0.0,100.99931818181818
WUK,C4,6,190,113.85495263157902,136.16034736842101,2.1052631578947367,69,109.46639130434791,138.62446376811593,5.797101449275362,105.67967741935553,102.74591666666667,31,0.0,0.0,120.58893548387096
WUK,C4,7,199,105.2298542713567,130.86580904522614,1.0050251256281406,60,107.27533333333317,132.41675,3.3333333333333335,103.84157692307726,97.45512499999973,26,3.8461538461538463,0.0,115.19400000000002
WUK,C4,8,177,104.6076892655367,133.64628813559324,4.519774011299435,61,112.35752459016399,140.90470491803282,13.114754098360656,83.48647058823516,104.46750000000058,34,0.0,0.0,107.5589705882353
WUK,C4,9,173,108.55195375722563,130.76579768786127,2.3121387283236996,47,109.44361702127715,136.23608510638297,8.51063829787234,92.8655526315792,80.88000000000072,38,0.0,0.0,98.48326315789473
WUK,C4,10,139,109.46402877697842,135.04664028776978,4.316546762589928,75,112.57252000000005,139.91618666666668,8.0,79.5176470588236,108.15325000000045,17,0.0,0.0,95.63776470588236
WUS,C0,1,164,104.89767682926812,129.62735975609752,3.048780487804878,38,111.77868421052584,138.72942105263158,13.157894736842104,91.87768965517218,109.4144444444444,29,3.4482758620689653,0.0,109.36379310344829
WUS,C0,2,164,108.36031097560993,132.26303658536585,2.4390243902439024,56,114.99003571428612,138.56,7.142857142857143,102.99539999999995,90.51999999999943,35,2.857142857142857,0.0,113.85702857142857
WUS,C0,3,183,108.17342622950814,132.70460655737708,3.278688524590164,58,113.87856896551698,134.2925,10.344827586206897,87.90062499999988,99.32428571428578,16,0.0,0.0,105.176
WUS,C0,4,246,96.23737804878061,126.54956910569105,3.658536585365854,96,102.6078541666667,130.67047916666664,9.375,70.41763414634126,73.19358333333336,41,4.878048780487805,0.0,98.71290243902439
WUS,C0,5,181,106.95261325966842,131.7833535911602,2.7624309392265194,65,109.83553846153829,132.37901538461537,7.6923076923076925,91.28683870967747,89.31909090909076,31,6.451612903225806,0.0,117.2203548387097
WUS,C0,6,196,109.81082142857151,137.58928571428572,6.63265306122449,68,107.57617647058832,140.07710294117646,19.11764705882353,99.22078947368388,105.47183333333321,38,5.2631578947368425,0.0,126.70628947368421
WUS,C0,7,198,104.13736868686873,131.86967676767674,3.0303030303030303,61,105.94296721311474,132.811,9.836065573770492,96.62485185185169,95.95512500000063,27,3.7037037037037037,0.0,115.5447037037037
WUS,C0,8,177,101.4848022598872,131.12797175141245,6.779661016949152,61,105.4265409836069,136.72160655737704,19.672131147540984,83.72864864864883,93.48538461538429,37,0.0,0.0,107.82400000000001
WUS,C0,9,168,107.70295833333346,132.01310714285714,4.761904761904762,45,115.90755555555572,146.70682222222223,17.77777777777778,88.87250000000007,85.04666666666647,36,2.7777777777777777,0.0,100.60822222222222
WUS,C0,10,191,107.23935078534028,134.75596335078535,9.424083769633508,91,112.51350549450552,143.3606043956044,19.78021978021978,94.07133333333307,110.34325000000065,30,6.666666666666667,0.0,115.2196
WUS,C1,1,164,104.94626219512205,129.72637804878048,0.6097560975609756,38,111.54105263157889,139.10423684210525,2.6315789473684212,91.73413793103451,105.24888888888866,29,3.4482758620689653,0.0,109.4684827586207
WUS,C1,2,164,108.10720121951228,132.0024268292683,0.6097560975609756,56,114.25860714285743,137.8878214285714,1.7857142857142858,102.34082857142894,89.77888888888891,35,2.857142857142857,0.0,113.77077142857142
WUS,C1,3,183,108.71255191256827,133.44945355191257,0.546448087431694,57,115.85714035087712,137.51442105263158,1.7543859649122806,88.10187499999972,99.23142857142895,16,0.0,0.0,105.28156249999999
WUS,C1,4,246,95.65980487804879,125.9568048780488,0.0,96,100.91979166666682,129.24172916666666,0.0,69.11319512195125,71.03608333333318,41,0.0,0.0,97.52665853658536
WUS,C1,5,181,106.89664640883967,131.8229502762431,1.1049723756906078,65,109.69676923076888,132.49584615384614,3.076923076923077,91.04006451612881,89.37363636363608,31,0.0,0.0,117.1793870967742
WUS,C1,6,196,109.21898979591826,136.6073724489796,0.0,68,106.04810294117642,137.45014705882352,0.0,97.92026315789465,103.75516666666697,38,0.0,0.0,124.71184210526314
WUS,C1,7,198,104.08901515151508,131.7546212121212,0.5050505050505051,61,104.92786885245926,132.03355737704916,1.639344262295082,97.21188888888913,96.82512500000098,27,3.7037037037037037,0.0,115.89503703703704
WUS,C1,8,177,101.5851412429378,131.5425988700565,1.1299435028248588,60,106.38148333333328,138.55470000000003,3.3333333333333335,84.38540540540546,93.7215384615384,37,0.0,0.0,107.88724324324326
WUS,C1,9,168,107.14808333333345,131.23794642857143,1.1904761904761905,45,114.24913333333369,143.97833333333335,4.444444444444445,89.28722222222255,83.91833333333307,36,2.7777777777777777,0.0,100.61736111111112
WUS,C1,10,192,106.36398958333325,133.77972916666667,1.0416666666666667,91,111.18801098901089,141.61784615384616,2.197802197802198,91.92866666666656,106.9432500000001,30,0.0,0.0,114.28853333333335
WUS,C2,1,164,104.89767682926812,129.62735975609752,3.048780487804878,38,111.77868421052584,138.72942105263158,13.157894736842104,91.87768965517218,109.4144444444444,29,3.4482758620689653,0.0,109.36379310344829
WUS,C2,2,164,108.36031097560993,132.26303658536585,2.4390243902439024,56,114.99003571428612,138.56,7.142857142857143,102.99539999999995,90.51999999999943,35,2.857142857142857,0.0,113.85702857142857
WUS,C2,3,183,108.17342622950814,132.70460655737708,3.278688524590164,58,113.87856896551698,134.2925,10.344827586206897,87.90062499999988,99.32428571428578,16,0.0,0.0,105.176
WUS,C2,4,246,96.23737804878061,126.54956910569105,3.658536585365854,96,102.6078541666667,130.67047916666664,9.375,70.41763414634126,73.19358333333336,41,4.878048780487805,0.0,98.71290243902439
WUS,C2,5,181,106.95261325966842,131.7833535911602,2.7624309392265194,65,109.83553846153829,132.37901538461537,7.6923076923076925,91.28683870967747,89.31909090909076,31,6.451612903225806,0.0,117.2203548387097
WUS,C2,6,196,109.81082142857151,137.58928571428572,6.63265306122449,68,107.57617647058832,140.07710294117646,19.11764705882353,99.22078947368388,105.47183333333321,38,5.2631578947368425,0.0,126.70628947368421
WUS,C2,7,198,104.13736868686873,131.86967676767674,3.0303030303030303,61,105.94296721311474,132.811,9.836065573770492,96.62485185185169,95.95512500000063,27,3.7037037037037037,0.0,115.5447037037037
WUS,C2,8,177,101.4848022598872,131.12797175141245,6.779661016949152,61,105.4265409836069,136.72160655737704,19.672131147540984,83.72864864864883,93.48538461538429,37,0.0,0.0,107.82400000000001
WUS,C2,9,168,107.70295833333346,132.01310714285714,4.761904761904762,45,115.90755555555572,146.70682222222223,17.77777777777778,88.87250000000007,85.04666666666647,36,2.7777777777777777,0.0,100.60822222222222
WUS,C2,10,191,107.23935078534028,134.75596335078535,9.424083769633508,91,112.51350549450552,143.3606043956044,19.78021978021978,94.07133333333307,110.34325000000065,30,6.666666666666667,0.0,115.2196
WUS,C3,1,164,104.81224999999982,129.71071341463414,0.6097560975609756,38,111.4268421052628,139.10205263157897,2.6315789473684212,91.95182758620633,104.84333333333295,29,3.4482758620689653,0.0,109.40331034482757
WUS,C3,2,164,108.10720121951228,132.0024268292683,0.6097560975609756,56,114.25860714285743,137.8878214285714,1.7857142857142858,102.34082857142894,89.77888888888891,35,2.857142857142857,0.0,113.77077142857142
WUS,C3,3,183,108.71255191256827,133.44945355191257,0.546448087431694,57,115.85714035087712,137.51442105263158,1.7543859649122806,88.10187499999972,99.23142857142895,16,0.0,0.0,105.28156249999999
WUS,C3,4,245,95.96964081632653,126.1964,1.6326530612244898,96,101.95822916666681,130.18832291666666,4.166666666666667,69.75295121951196,71.71691666666607,41,2.4390243902439024,0.0,97.62212195121953
WUS,C3,5,181,106.89664640883967,131.8229502762431,1.1049723756906078,65,109.69676923076888,132.49584615384614,3.076923076923077,91.04006451612881,89.37363636363608,31,0.0,0.0,117.1793870967742
WUS,C3,6,196,109.21898979591826,136.6073724489796,0.0,68,106.04810294117642,137.45014705882352,0.0,97.92026315789465,103.75516666666697,38,0.0,0.0,124.71184210526314
WUS,C3,7,198,104.12782323232334,131.52798989898992,1.0101010101010102,61,104.97967213114761,131.32268852459018,3.278688524590164,96.9952222222224,96.14512499999978,27,3.7037037037037037,0.0,115.64111111111113
WUS,C3,8,177,101.5851412429378,131.5425988700565,1.1299435028248588,60,106.38148333333328,138.55470000000003,3.3333333333333335,84.38540540540546,93.7215384615384,37,0.0,0.0,107.88724324324326
WUS,C3,9,168,107.66552380952405,131.51017857142855,1.7857142857142858,45,115.2158000000006,144.9695555555556,6.666666666666667,90.69777777777838,84.55166666666689,36,2.7777777777777777,0.0,100.72494444444445
WUS,C3,10,192,106.36398958333325,133.77972916666667,1.0416666666666667,91,111.18801098901089,141.61784615384616,2.197802197802198,91.92866666666656,106.9432500000001,30,0.0,0.0,114.28853333333335
WUS,C4,1,164,104.81224999999982,129.71071341463414,0.6097560975609756,38,111.4268421052628,139.10205263157897,2.6315789473684212,91.95182758620633,104.84333333333295,29,3.4482758620689653,0.0,109.40331034482757
WUS,C4,2,164,108.10720121951228,132.0024268292683,0.6097560975609756,56,114.25860714285743,137.8878214285714,1.7857142857142858,102.34082857142894,89.77888888888891,35,2.857142857142857,0.0,113.77077142857142
WUS,C4,3,183,108.71255191256827,133.44945355191257,0.546448087431694,57,115.85714035087712,137.51442105263158,1.7543859649122806,88.10187499999972,99.23142857142895,16,0.0,0.0,105.28156249999999
WUS,C4,4,245,95.96964081632653,126.1964,1.6326530612244898,96,101.95822916666681,130.18832291666666,4.166666666666667,69.75295121951196,71.71691666666607,41,2.4390243902439024,0.0,97.62212195121953
WUS,C4,5,181,106.89664640883967,131.8229502762431,1.1049723756906078,65,109.69676923076888,132.49584615384614,3.076923076923077,91.04006451612881,89.37363636363608,31,0.0,0.0,117.1793870967742
WUS,C4,6,196,109.21898979591826,136.6073724489796,0.0,68,106.04810294117642,137.45014705882352,0.0,97.92026315789465,103.75516666666697,38,0.0,0.0,124.71184210526314
WUS,C4,7,198,104.12782323232334,131.52798989898992,1.0101010101010102,61,104.97967213114761,131.32268852459018,3.278688524590164,96.9952222222224,96.14512499999978,27,3.7037037037037037,0.0,115.64111111111113
WUS,C4,8,177,101.5851412429378,131.5425988700565,1.1299435028248588,60,106.38148333333328,138.55470000000003,3.3333333333333335,84.38540540540546,93.7215384615384,37,0.0,0.0,107.88724324324326
WUS,C4,9,168,107.66552380952405,131.51017857142855,1.7857142857142858,45,115.2158000000006,144.9695555555556,6.666666666666667,90.69777777777838,84.55166666666689,36,2.7777777777777777,0.0,100.72494444444445
WUS,C4,10,192,106.36398958333325,133.77972916666667,1.0416666666666667,91,111.18801098901089,141.61784615384616,2.197802197802198,91.92866666666656,106.9432500000001,30,0.0,0.0,114.28853333333335
